Number,Terminology,Description,Example
1,affricate,"This term names a single consonant sound that starts with a complete closure of the vocal tract, exactly like an ordinary stop, but then releases that closure gradually into a narrow gap rather than opening freely, so that a short burst of frication noise follows the closure at the same place of articulation. Because the closure and the following frication occur together at one location and are treated by speakers as a single phonological unit rather than two separate sounds, this sound patterns as one segment in syllable structure and in phonological rules, and it is counted as only one sound when speakers judge how many sounds a word contains. English has two such sounds, both produced at the post-alveolar region, one voiceless and one voiced. These sounds are common across languages but not universal, and languages differ in how many such combinations of closure-plus-frication they contrast. In feature terms, this sound is usually described as having a delayed release compared with a plain stop, capturing the brief but audible frication that follows the closure before the articulators separate fully.",The 'ch' in 'church' /tʃɜːrtʃ/ and the 'j' in 'judge' /dʒʌdʒ/ each combine a stop-like closure with a following burst of frication at the same place of articulation.
2,allophone,"This term refers to one of the different phonetic realizations that a single phoneme can take on the surface, that is, one of the variant pronunciations a speaker produces without that variation changing the identity or meaning of the word. Such variants typically arise from predictable phonetic context, such as the position of a sound within the syllable or word, the sounds surrounding it, or the presence of stress nearby, and their distribution is described by phonological rules that state exactly where each variant occurs. Crucially, substituting one variant for another in this relationship never creates a new word or a different meaning; native speakers usually are not consciously aware of the difference unless it is pointed out, since the variants are treated mentally as the same underlying sound. This relationship contrasts with contrastive sound units capable of distinguishing meaning on their own. The link between an underlying sound category and its surface variants is central to phonological analysis, since much of phonology is devoted to discovering which phonetic differences are predictable and non-contrastive in this way and which instead distinguish meaning in a given language.","In English, the puff of air heard in [pʰ] in 'pin' and its absence in [p] in 'spin' are two surface variants of one and the same underlying /p/."
3,alternation,"This term describes a situation in which a single morpheme is pronounced differently depending on the phonological or morphological environment it appears in, so that the same underlying unit surfaces as two or more distinct forms. Such patterns can be purely phonological, triggered automatically by nearby sounds or stress and predictable by a general rule, or they can be conditioned morphologically, occurring only in specific grammatical contexts such as particular suffixes or irregular paradigms. Identifying this kind of variation is one of the main tasks of phonological analysis, because the pattern often reveals what the underlying representation of a morpheme is and what rules apply to derive the different surface forms. Linguists distinguish cases that are still phonologically active and productive from those that have become lexicalized historical relics no longer governed by any live rule in the synchronic grammar. Studying such patterns helps explain why related words in the same language family can sound quite different on the surface while still being recognized by speakers as forms built on the same root.","The regular plural suffix surfaces as [s], [z], or [ɪz] depending on context, as in 'cats' [kæts], 'dogs' [dɒgz], and 'buses' [bʌsɪz]."
4,alveolar,"This term names a place of articulation in which the active articulator, usually the tip or blade of the tongue, makes contact with or approaches the bony ridge located just behind the upper front teeth. This place of articulation is extremely common across the world's languages and typically supports several different manners of articulation, since a wide range of consonant types, including stops, fricatives, nasals, laterals, and approximants, can all be produced comfortably at this location. In English specifically, this region hosts one of the richest sets of contrasting consonants in the entire inventory, more than any other single place of articulation, reflecting how flexible and precisely controllable the tongue tip is for making fine articulatory distinctions. Consonants made here are often contrasted with sounds made at neighboring places, such as those made at or near the teeth and those made slightly further back, and learners of English as a second language sometimes need to adjust the precise tongue placement if their native language uses a nearby but distinct place of articulation.","/t/, /d/, /s/, /z/, /n/, and /l/ in English are all made at this same place of articulation, as in 'tap', 'dip', 'sun', 'zoo', 'nap', and 'lip'."
5,ambisyllabicity,"This term names the phenomenon in which a single consonant appears to belong simultaneously to two adjacent syllables rather than being clearly assigned to only the end of the first syllable or only the beginning of the second. This typically occurs with an intervocalic consonant following a short, stressed vowel, where phonetic evidence, such as the degree of aspiration, vowel length, or resyllabification behavior in fast speech, suggests that the consonant is shared between the preceding and following syllables rather than uniquely owned by either one. Positing such double membership is proposed as a solution to cases where straightforward syllabification rules give conflicting or ambiguous results, and it has consequences for stress assignment, for judgments about syllable weight, and for rules that are sensitive to whether a consonant counts as closing one syllable or opening the next. Not all phonologists accept this device as theoretically necessary, and some frameworks instead handle the same facts through resyllabification rules or gradient phonetic detail, but the notion remains a useful way of describing the intuitive 'in-between' status that certain medial consonants seem to have.","The /p/ in 'happy' is often analyzed as belonging to both syllables at once, as if the word were split either hap.py or ha.ppy."
6,aspiration,"This term names a burst of voiceless airflow that follows the release of certain voiceless stop consonants before the onset of voicing for a following vowel or sonorant, measured phonetically as a delay, called voice onset time, between the release of the closure and the start of vocal fold vibration. In English, this property is not contrastive on its own but is instead automatic and rule-governed: voiceless stops carry it in certain strong positions, such as at the beginning of a stressed syllable, and lack it in weaker positions, such as after /s/ or in unstressed syllables, making the two variants allophones of the same phoneme rather than separate sounds. In many other languages, however, this same property is phonemic, meaning that stops with and without it contrast directly and can distinguish otherwise identical words, so learners whose native language does not use it contrastively must learn to both perceive and control it consciously. It is typically transcribed with a small raised h, and its presence or absence is one of the clearest acoustic cues that phoneticians use to classify stop consonants across languages.","The /p/ in 'pin' [pʰɪn] carries this puff of breath, while the /p/ in 'spin' [spɪn] lacks it, though both represent the same phoneme /p/."
7,assimilation (vs. dissimilation),"One of this pair of opposite processes occurs when one sound becomes more similar to, or identical with, a neighboring sound, typically by taking on one or more of its phonetic features such as place of articulation, manner, voicing, or nasality; this is extremely common across languages because it reflects the physiological tendency of articulators to move efficiently and anticipate or carry over gestures from adjacent sounds, and it can apply within a word, across morpheme boundaries, or even across word boundaries in connected speech. The other, much rarer process is the opposite: two sounds that are similar or identical become less alike, usually to make them easier to perceive as distinct or easier to articulate in sequence. Both processes can be regressive, where a sound is influenced by a following sound, or progressive, where a sound is influenced by a preceding one, and both are frequently invoked to explain historical sound changes as well as synchronic alternations that speakers apply automatically in everyday speech.","The prefix 'in-' takes on the place of articulation of a following /p/, /b/, or /m/, giving 'impossible' rather than 'inpossible'."
8,"bilabial (labial, labial-velar, labio-dental)","This first term names a place of articulation in which the two lips come together to form a complete or partial closure of the vocal tract, one of the most basic and cross-linguistically common places of articulation because it requires no precise tongue positioning. The broader category to which it belongs covers any sound involving the lips as an active articulator, which also includes sounds in which the lower lip approaches the upper teeth, and sounds in which lip rounding combines simultaneously with a raising of the back of the tongue toward the velum, the latter being doubly articulated because they have two simultaneous primary constrictions of roughly equal importance rather than one primary and one secondary articulation. These related but distinct categories are important to keep separate because they behave differently in phonological rules and can pattern with different natural classes depending on the language, even though all of them share the common feature of active lip involvement.","/p, b, m/ involve only the two lips, as in 'pat', 'bat', and 'mat', unlike /f, v/, which involve the lower lip against the upper teeth, or /w/, which adds lip rounding to tongue-back raising."
9,clear 'l' (vs. dark 'l'),"This pair of variant pronunciations of the lateral approximant phoneme /l/ differ mainly in the position and shape of the tongue body, particularly whether the back of the tongue is raised toward the velum. One variant is produced with a relatively flat tongue body and little or no velar raising, giving it a brighter, more front-vowel-like acoustic quality, whereas the other, often called the velarized variant, involves simultaneous raising of the back of the tongue toward the soft palate, giving it a lower, more back-vowel-like resonance. In many varieties of English, the distribution of these two variants is governed by syllable position: the brighter variant tends to occur in syllable-initial position, especially before a vowel, while the velarized variant tends to occur in syllable-final position or before a consonant. Because this distribution is predictable from context and does not create meaning contrasts, the two variants are treated as allophones of a single phoneme rather than as separate phonemes, even though listeners can often hear the acoustic difference once it is pointed out.","In many English accents, the 'l' in 'leaf' [liːf] has a brighter quality, while the 'l' in 'feel' [fiːɫ] has a lower, velarized quality."
10,closed syllable (vs. open syllable),"One member of this pair of syllable types ends in one or more consonants, meaning it has a filled position following the vowel nucleus, whereas the other member ends in a vowel with nothing filling that following position at all, so that the vowel itself is the final sound of the syllable. This distinction matters for several areas of phonology, including vowel length and quality, since many languages show systematic differences in how vowels are realized depending on which of the two syllable types they occur in, and it also matters for syllable weight, because the consonant-final type is often, though not universally, treated as heavier than the vowel-final type for purposes of stress assignment. In English spelling instruction, this pair of syllable types is frequently used pedagogically to help learners predict vowel pronunciation, since a vowel followed by nothing is often long or tense while the same letter followed by a consonant is often short or lax, although this correspondence is only a rough tendency rather than an exceptionless rule.","'Go' [goʊ] ends directly in a vowel, while 'got' [gɒt] ends in the consonant /t/ following the same vowel quality."
11,coda,"This term names the portion of a syllable that follows the vowel nucleus, consisting of one or more consonants that close off the syllable, and together with the onset and nucleus it forms the basic tripartite structure that phonologists use to describe syllable-internal organization. Not every syllable has this constituent; syllables without one are called open, while those with one are called closed, and languages vary enormously in how many consonants they permit in this position, ranging from none at all to complex consonant clusters. This constituent is important for determining syllable weight, since a syllable that has one is often treated as heavier than an open syllable with the same vowel, which in turn can influence stress placement and other prosodic patterns. Consonants in this position are also frequently subject to special phonological processes not found at the beginning of a syllable, such as neutralization of certain contrasts, devoicing, or lack of release, because articulatory and perceptual pressures often differ between the beginning and the end of a syllable.","In the word 'cats' [kæts], the consonant cluster /ts/ following the vowel /æ/ closes off the syllable."
12,complementary distribution,"This term describes the relationship between two or more sounds when each occurs only in a specific, mutually exclusive set of phonetic environments, such that the sounds never appear in the same context and their occurrence can be fully predicted from the surrounding environment. This pattern is one of the primary types of evidence phonologists use to argue that two phonetically different sounds are variants of a single underlying phoneme rather than separate phonemes, because if the difference between the sounds is entirely predictable from context, speakers do not need to store both as distinct contrastive units; the variation can instead be generated by a general rule. This relationship is usually established by examining minimal pairs and environments systematically, and it is often accompanied by phonetic similarity between the sounds in question, since variants of the same phoneme also tend to share articulatory or acoustic properties even as their exact distribution differs. This pattern stands in contrast to a relationship in which two sounds occur in the same environment and create a meaning difference, marking them as separate phonemes.","Aspirated [pʰ] occurs only syllable-initially and unaspirated [p] occurs only after /s/ or in codas, so the two never occur in the same environment."
14,default rule,"This term names a phonological rule that applies automatically as the general, unmarked case unless some more specific rule or condition intervenes to block or override it, effectively supplying a predictable value or realization whenever no special conditioning environment is present. Such a rule is often described as applying elsewhere, meaning it covers whatever contexts are left over once all more narrowly conditioned rules have been accounted for, which is why it is closely associated with the elsewhere condition in rule-based phonology. Because it represents the least marked or most general outcome, it is typically ordered to apply after more specific rules, ensuring that those narrower rules get the first opportunity to apply in their limited environments before the broader, general statement fills in the rest of the cases. This organizational principle helps linguists write economical grammars, since instead of listing every possible context individually, they can state one specific rule for exceptional environments and let a single general statement automatically handle every other environment.","If a language voices stops between vowels but otherwise keeps stops voiceless everywhere else, the voicing statement is specific and the voicelessness is the general fallback."
15,dental,"This term names a place of articulation in which the tip or blade of the tongue makes contact with or approaches the upper front teeth, distinguishing it from a place slightly further back at the bony ridge behind the teeth, and from a place in which the tongue protrudes between the upper and lower teeth. Sounds made here are found in many of the world's languages, sometimes contrasting directly with sounds made at the neighboring ridge in the same language, which requires speakers to control fine differences in tongue-tip placement that can be difficult for second-language learners whose native language does not make this same distinction. In English, true sounds of this type exist and are sometimes described more precisely with an additional label because the tongue tip is visible between the teeth during their production, while other consonants sometimes loosely associated with this region are more accurately classified as belonging to the ridge just behind the teeth. Cross-linguistically, this contrast with the neighboring place is one of the more perceptually subtle place-of-articulation distinctions, and phonetic transcription systems provide dedicated symbols and diacritics specifically to keep the two clearly distinguished in careful analysis.","The English fricatives /θ/ and /ð/, as in 'thin' and 'this', are produced with the tongue tip at or between the upper front teeth."
16,derivation,"In phonology, this term refers to the step-by-step sequence of rule applications that maps an abstract underlying representation of a word onto its concrete surface pronunciation, with each rule in the sequence potentially changing, adding, or deleting features, segments, or structure based on the output of the previous step. Classical generative phonology models pronunciation as the output of ordered rules operating on an underlying form, so this sequence is essentially a formal proof showing exactly how and why a particular surface form arises from its underlying representation, including which rules apply, in what order, and what the intermediate representations look like at each stage. The order in which rules apply within this sequence can crucially affect the final output, since applying two rules in one order may produce a different surface form than applying the same two rules in the opposite order, which is why rule ordering is a central topic connected closely to this concept. Making this sequence explicit is also used pedagogically to state clear, testable claims about the phonological system of a language, since a well-formed sequence of this kind should correctly predict the attested surface forms for a given set of inputs.","A step-by-step account might show /ɪn+pasəbl/ undergoing nasal place assimilation to surface as [ɪmpasəbl] 'impossible', with each intermediate step made explicit."
17,devoiced/devoicing,"This process occurs when a segment that is normally or underlyingly voiced loses its voicing and is realized instead as a voiceless, or at least partially voiceless, sound, typically because of its position in the word, its proximity to other voiceless sounds, or general prosodic weakening at edges of words or utterances. It is extremely common cross-linguistically in final position, where obstruents at the end of a word or syllable frequently lose contrastive voicing even if the same sound is reliably voiced elsewhere in the language. This process can be a completely automatic, allophonic phonetic process that applies without exception in a given environment, or it can be a more variable, gradient phenomenon whose degree depends on speech rate, style, and individual speaker tendencies, and phoneticians distinguish a partial version, in which some voicing remains but is reduced, from a complete version, in which voicing is entirely absent. This process is important both for describing individual languages and for understanding broader patterns of markedness, since voiceless obstruents are generally considered less marked than their voiced counterparts.","In German, word-final /d/ loses its voicing and surfaces as [t], so 'Rad' (wheel) is pronounced [ʁaːt] despite being spelled with 'd'."
18,diachronic/diachronic changes (vs. synchronic/synchrony),"One member of this pair of perspectives refers to the study of language as it changes over historical time, tracing how sounds, forms, or structures evolve from one stage of a language to a later stage, whereas the other member refers to the study of a language system as it exists at a single point in time, without reference to its history or later development. A shift viewed from the first perspective, then, is any historical alteration in pronunciation, such as a sound merging with another sound, splitting into two distinct sounds, or shifting its place or manner of articulation, that can be documented by comparing earlier and later stages of a language or by comparing related languages that descended from a common ancestor. The second perspective, by contrast, focuses purely on the internal logic and rule system operating in a language at one moment, treating that system as a self-contained object of study regardless of how it came to be that way historically. The distinction between these two perspectives, originally emphasized by Ferdinand de Saussure, remains foundational in linguistics because a pattern that looks arbitrary or irregular from the second viewpoint often becomes fully explainable once its history is understood.","The Great Vowel Shift is a well-known historical change tracked across centuries, while a description of present-day English vowel contrasts looks only at one moment in time."
19,diphthong (vs. monophthong),"One member of this pair of vowel types involves a perceptible change in quality within a single syllable, as the tongue and lips glide smoothly from one vowel target toward another target without any intervening consonant, so that the whole sequence is treated phonologically as one vowel nucleus rather than as two separate vowels in two syllables. The other member, by contrast, has a single, relatively steady articulatory target throughout its duration, without this kind of internal glide in quality. The gliding type is often transcribed with two vowel symbols joined together to represent the starting and ending points of the movement, and languages differ both in how many such vowels they have and in how phonologists analyze their internal structure, with some frameworks treating the second element as behaving more like a glide consonant than a true vowel. Distinguishing a gliding vowel from a sequence of a vowel plus a following glide consonant, or from two vowels in separate syllables, can be an important and sometimes subtle analytical decision, since the phonetic signal alone does not always make the syllabification unambiguous.","The vowel in 'boy' [bɔɪ] glides from one quality to another within a single syllable, while the vowel in 'bee' [biː] holds a single steady quality throughout."
20,"dual articulation (or secondary articulation: e.g., lip rounding in /ʃ, ʒ, tʃ, dʒ/)","This term refers to a situation in which a consonant has one primary constriction that defines its basic place and manner of articulation along with an additional, simultaneous articulatory gesture layered on top of it that modifies its acoustic quality without changing its basic phonemic identity. Common instances of this additional gesture include lip rounding, in which the lips are rounded at the same time as another constriction is formed elsewhere in the vocal tract, as well as raising the front of the tongue toward the hard palate during the production of a consonant made elsewhere, and raising the back of the tongue toward the velum. Unlike sounds made with lip rounding and tongue-back raising simultaneously, where two constrictions are roughly equal in phonological importance and are usually described as having two co-equal primary places rather than one dominant and one added gesture, a true secondary gesture of this kind is understood as subordinate to a clearly dominant primary articulation. Such secondary gestures are important both for fine-grained phonetic description and for explaining certain phonological patterns, since a sound carrying lip rounding as an added gesture may pattern together with other rounded sounds in assimilation or harmony processes.","The English post-alveolar sounds /ʃ, ʒ, tʃ, dʒ/, as in 'ship', 'measure', 'chip', and 'judge', involve lip rounding layered on top of their primary place of articulation."
21,elision,"This process is the complete deletion or omission of a sound, typically a vowel or occasionally a consonant, that would otherwise be expected to appear in a word or phrase based on its careful, full pronunciation, often occurring in casual or rapid connected speech as a way of simplifying difficult or awkward sound sequences. It is closely related to but distinct from a process in which a sound becomes weaker or shorter without disappearing entirely, and it is also related to but distinct from a process in which a sound changes to become more like a neighbor rather than vanishing altogether. It commonly targets unstressed vowels in casual speech, especially in fast or informal registers, and it can also affect consonants at word boundaries or within consonant clusters that would otherwise be difficult to articulate smoothly. In many languages, this kind of deletion is a highly productive and pervasive part of everyday spoken style, even though the same words are typically pronounced with the full, unreduced sound sequence in careful, formal speech or in isolated citation form.","In casual speech, 'probably' is often pronounced without its middle vowel as [prɒbli], with the schwa dropped entirely."
22,elsewhere condition,"This principle in rule-based phonology and morphology states that when two rules could potentially apply to the same input, the more specific rule, defined over a narrower or more particular context, takes precedence and blocks the more general rule from applying in that same context, while the general rule is left to apply everywhere else where the specific rule's conditions are not met. This principle formalizes the intuitive idea that exceptions should override general patterns, and it allows linguists to state a broad, generally applying rule alongside a small number of narrowly targeted special rules without needing to build every exception explicitly into the statement of the general rule itself. This principle is conceptually connected to the notion of a default rule, since the general rule effectively becomes the fallback that covers whatever contexts remain once the specific rule has claimed its narrower territory. This kind of specificity-based rule interaction appears not only in phonology but also in morphology, where more specific morphological rules or irregular forms similarly block more general regular rules from applying to the same lexical item.","The irregular past tense 'went' blocks the general rule adding '-ed', which instead applies to regular verbs like 'walked'."
23,epenthesis (insertion),"This process is the addition of an extra sound, usually a vowel or occasionally a consonant, into a word or sequence where that sound was not present underlyingly, most often occurring as a strategy for breaking up a consonant cluster or sequence that would otherwise violate the phonotactic constraints of the language, making the resulting form easier to pronounce or more consistent with the language's preferred syllable structure. The vowel-adding version is especially common when a language strongly disfavors complex consonant clusters or certain coda types, adding a vowel between two consonants that would otherwise be adjacent, while the consonant-adding version typically arises to smooth an awkward transition between two vowels or to strengthen a syllable boundary. This process is one of the core repair strategies available to languages for resolving marked or illegal sound sequences, alongside alternatives such as deletion of one of the offending sounds or resyllabification, and the choice among these strategies can vary both across languages and across different phonological contexts within a single language. In loanword adaptation, this repair is particularly common, since borrowed words often contain consonant clusters that are illegal in the borrowing language and must be repaired to fit its native syllable structure.","Many English speakers add a vowel when pronouncing 'athlete' as [æθəliːt] rather than [æθliːt], breaking up the consonant cluster."
24,eurhythmy,"This term names a preference in the rhythmic organization of speech for stressed and unstressed syllables to alternate in a regular, evenly spaced pattern, avoiding sequences in which two stressed syllables occur immediately adjacent to one another, a configuration known as a stress clash, or in which too many unstressed syllables occur in a row without any intervening stress, sometimes called a stress lapse. Languages and speakers often resolve threatened violations of this preference through processes such as stress shift, in which the position of primary stress within a word moves to avoid a clash with a neighboring stressed syllable in connected speech, restoring a more alternating, rhythmically balanced pattern overall. The drive toward this kind of rhythmic balance is understood as a general prosodic tendency rather than an absolute requirement, and it interacts with lexical stress assignment, compound stress rules, and phrase-level intonation to shape the ultimate rhythmic surface form of an utterance. This concept is central to metrical phonology, where rhythmic structure is represented using grids or trees of strong and weak beats, and well-formedness of this rhythmic kind is one of the key criteria used to evaluate whether a given rhythmic structure is optimal.","'Academic' shifts its stress in 'academic banter' to 'Academic banter' to avoid a stress clash with the following stressed syllable, restoring a balanced alternating rhythm."
25,extrametrical (extrametricality),"This device in metrical phonology sets aside a particular syllable, or sometimes just a final consonant, at the edge of a word, most commonly the final syllable, from the domain over which normal stress-assignment or foot-construction rules operate, effectively making that edge element invisible to the algorithm that builds metrical feet and assigns primary stress. Once the excluded element has been set aside, the regular stress rules of the language apply to the remaining, smaller string of syllables as though that portion were not there at all, and only after stress has been assigned does the excluded syllable get reattached to the word, typically remaining unstressed. This exclusion is often lexically or morphologically conditioned, meaning that only certain classes of words or certain word-final elements, such as a final consonant that does not count toward syllable weight, are treated this way, while other superficially similar words behave according to the regular pattern without any such exclusion. This device allows linguists to maintain simple, general stress rules while still accounting for a systematic class of apparent exceptions concentrated at word edges.","If a language's stress rule normally targets the final syllable but that syllable is set aside from the count, stress instead falls on the second-to-last syllable."
26,"feature (binary feature, major class feature, unary feature)","In phonology, this term names one of the small set of primitive articulatory or acoustic properties, such as voicing, nasality, or place of articulation, that are combined together to characterize and distinguish speech sounds, functioning as the basic building blocks out of which contrastive sound units and natural classes are constructed rather than treating each sound as an unanalyzable whole. One type of such a property is specified with one of two opposing values, typically written as plus or minus, indicating whether a sound possesses or lacks it, while another type is either present or simply absent for a given sound, without a contrasting negative value, often used for properties like nasality in frameworks where absence is assumed by default rather than actively marked. A further special subset, covering properties like sonorant and consonantal, together divides all sounds into the broadest fundamental categories, such as vowels, glides, liquids, nasals, and obstruents, before any finer distinctions are considered. This system of properties allows phonologists to state rules and natural classes efficiently by referring to shared values rather than listing individual segments one by one.","The property [+voice] groups /b, d, g, v, z/ together as a natural class distinct from their voiceless counterparts /p, t, k, f, s/."
27,feature matrix,"This term names a table or grid representation that displays, for a set of segments, the specific value of each distinctive property relevant to describing and distinguishing those segments, typically arranged with segments as columns and properties as rows, or vice versa, so that every cell in the table shows whether a given segment is plus, minus, or unspecified for a given property. Such a representation allows linguists to see at a glance exactly which properties differentiate any two segments from each other and to identify natural classes by scanning for groups of segments that share identical values on a particular subset of properties. Because it makes the featural composition of every sound fully explicit, it is useful both for teaching the property system of a language and for formally stating phonological rules, which can refer to entire rows, columns, or sub-blocks rather than listing segments individually. Constructing an accurate version of this representation requires first deciding which properties are contrastive and necessary for the language or sound inventory in question, since including irrelevant or redundant properties can obscure rather than clarify the natural classes it is meant to reveal.","A table for /p, t, k/ would show all three sharing [-voice, -continuant] while differing only in their place values."
28,"flap, flapping (cf. tap, tapping)","One version of this pair of related terms, sometimes distinguished terminologically although the two are frequently used interchangeably in everyday phonetic description, names a consonant produced by a single, very brief and rapid contact of an articulator, typically the tip of the tongue, against another part of the vocal tract, such as the alveolar ridge, with the tongue then moving quickly away again rather than maintaining a sustained closure as in a full stop consonant. The other, naming the associated process, refers to the rule found in many varieties of North American English by which an underlying alveolar stop, particularly /t/ or /d/, is realized this quick, voiced way when it occurs between two vowels and the following vowel is unstressed, producing a rapid, brief burst instead of a fully released stop. Some phoneticians reserve one label specifically for a single rapid contact of the tongue tip against a fixed target and use the other for cases where the tongue tip strikes the roof of the mouth while moving from one position to another, but in the context of English phonology, the process typically refers to this vowel-to-vowel weakening of /t/ and /d/ regardless of the finer articulatory distinction.","In American English, the /t/ in 'butter' is commonly weakened to a rapid tongue-tip contact, giving a pronunciation closer to [ˈbʌɾɚ] rather than a fully released [t]."
29,foot (pl. feet),"In metrical phonology, this term names a unit of rhythmic structure consisting of one stressed syllable together with any number of adjacent unstressed syllables that are grouped with it, forming the basic building block from which word-level and phrase-level stress patterns are constructed above the level of the individual syllable. Such units are typically classified according to the position of the stressed syllable within them, with one type having the stress on the first syllable followed by one or more unstressed syllables, and another type having the stress on the final syllable preceded by one or more unstressed syllables, and languages differ systematically in which type they favor when building their metrical structure. This theory allows linguists to explain stress assignment not as an arbitrary property attached to individual syllables one at a time, but as the predictable output of a general algorithm that parses a word into such units from one edge and then designates one of them, usually according to its position, as carrying the primary word stress. These units also play a role in explaining rhythmic phenomena above the word level, including the alternation of strong and weak beats in connected speech.","The word 'happy' [ˈhæ.pi] forms a single such rhythmic unit, with stress on the first syllable and the second syllable unstressed."
30,formants,"This term names the concentrated bands of acoustic energy that appear as dark bands on a spectrogram, corresponding to the resonant frequencies of the vocal tract that are amplified as sound produced at the vocal folds passes through and is shaped by the particular configuration of the tongue, lips, and jaw during the production of a vowel or vowel-like sound. Such bands are numbered starting from the lowest frequency, with the first and second being the two most important for distinguishing vowel quality, since the first correlates roughly with vowel height, being higher for low vowels and lower for high vowels, while the second correlates roughly with vowel frontness, being higher for front vowels and lower for back vowels. Because each distinct vocal tract shape produces a characteristic pattern of these resonances, measuring and plotting them is one of the primary quantitative tools phoneticians use to describe and compare vowel systems objectively, rather than relying solely on impressionistic auditory judgments or articulatory descriptions. Such resonances also play an important role beyond vowels, contributing to the acoustic identity of certain consonants such as liquids and nasals.","The vowel /i/ as in 'see' has a characteristically low first resonance and a high second resonance, reflecting its high, front tongue position."
31,free variation,"This term describes a situation in which two or more different pronunciations of the same sound or word can occur in the exact same phonetic environment without any change in meaning and without the choice between them being predictable from context, contrasting with a situation where the choice among variants is determined systematically by the surrounding environment. Because the alternation here is not conditioned by any identifiable linguistic factor, the variants are typically considered to be genuinely optional at the level of an individual speaker, arising instead from factors like speech rate, personal habit, social context, or simple random fluctuation rather than from a phonological rule that could predict exactly which variant will occur in a given token. This kind of unpredictable variation is an important concept for defining what counts as an allophone, since variants related this way still do not create a meaning difference even though their occurrence cannot be predicted from environment the way context-conditioned variants can. In practice, apparent cases of this kind sometimes turn out, on closer sociolinguistic or statistical analysis, to be influenced by subtle factors after all, but the label is still used for cases where no clear conditioning environment has been identified.","Some speakers alternate unpredictably between a released and an unreleased final stop in words like 'stop', with either variant possible in the very same context."
32,fricative,"This term names a consonant produced by narrowing the vocal tract at some point to create a small gap through which the airstream must pass, generating audible, turbulent, hissing or buzzing noise as the air is forced through the constriction, in contrast to stops, which involve a complete closure of the vocal tract rather than a narrow channel. Such sounds can be produced at a wide range of places of articulation, from labial through alveolar, post-alveolar, palatal, velar, and glottal, and at each place they typically come in voiced and voiceless pairs, differing according to whether the vocal folds are vibrating during the production of the noise. Among them, a special subgroup called sibilants is distinguished by a particularly intense, high-frequency, hissing quality, which arises from directing the turbulent airstream against the back of the teeth in addition to the primary constriction, giving them a perceptually much louder and more acoustically salient noise than the non-sibilant members of the category. Sounds of this type are classified phonologically as continuants because the airflow, although obstructed and turbulent, continues throughout the duration of the sound rather than being fully stopped.","/f, v, θ, ð, s, z, ʃ, ʒ, h/ all involve this turbulent, continuous airflow in English, as in 'fan', 'van', 'thin', 'this', 'sun', 'zoo', 'ship', 'measure', and 'hat'."
33,fundamental frequency (pitch),"This acoustic measurement, often abbreviated F0, tracks how many times per second the vocal folds complete a full cycle of vibration during voiced sounds, and it is the primary acoustic correlate of the perceptual quality that listeners experience when they judge a sound as higher or lower, although that perceptual quality is technically the subjective impression rather than the objective physical measurement itself. This measurement is directly determined by properties of the vocal folds, including their length, mass, and the tension applied to them by the laryngeal muscles, with faster vibration producing a higher value and a correspondingly higher perceived quality, and slower vibration producing a lower value and a lower perceived quality. Variation in this measurement over the course of an utterance carries a great deal of linguistic and paralinguistic information, serving as the acoustic basis for lexical tone in tone languages, for word-level tone-accent systems, and for intonation patterns that convey sentence type, focus, and emotional or attitudinal nuance in essentially every spoken language. It is typically measured in hertz and can be visualized as a continuously moving track displayed alongside a spectrogram in acoustic analysis software.",A rising value of this acoustic measurement at the end of an utterance is one common cue that listeners associate with a yes-no question in English.
34,generative phonology,"This theoretical framework, developed primarily within the broader theoretical tradition initiated by Noam Chomsky in the mid-twentieth century, models the sound pattern of a language as a system in which an abstract underlying representation for each morpheme is transformed into its concrete surface pronunciation through the application of an ordered set of formal phonological rules. This approach treats phonological knowledge as part of a speaker's internal, largely unconscious grammar, and it aims to write explicit rules, often stated using distinctive features rather than whole segments, that correctly predict every attested alternation and surface form a native speaker would produce, while also capturing generalizations about which sound patterns are more natural or more common across languages. The classical version of this framework, exemplified by foundational work such as The Sound Pattern of English, places heavy emphasis on rule ordering, since applying the same set of rules in different orders can derive different, sometimes incorrect, surface outputs, making the sequencing of rules a central object of theoretical debate. Later frameworks, including autosegmental phonology, metrical phonology, and Optimality Theory, developed partly as responses to perceived limitations of this earliest rule-based model, though they generally retain its core commitment to explicit, formal, predictive analysis of sound patterns.","An analysis in this tradition proposes an underlying suffix that surfaces as [s], [z], or [ɪz] depending on ordered voicing and epenthesis rules."
35,glide,"This term, also called a semi-vowel, names a sound that is articulated with a vocal tract configuration very similar to that of a vowel, involving a relatively open channel with no significant constriction that would create turbulent noise, but that functions phonologically as a consonant rather than as a vowel, typically occurring in the margins of a syllable, in onset or coda position, rather than serving as the syllable nucleus. Such sounds are characterized by a rapid, transitional movement of the articulators from one position toward a following vowel target, meaning that unlike a full vowel, a sound of this type does not maintain a steady-state articulatory posture but instead is defined mainly by that dynamic movement itself. In English, there are two such sounds, one produced with the front of the tongue raised toward the palate in a position similar to a high front vowel, and one produced with lip rounding and tongue-back raising similar to a high back rounded vowel, and both pattern with consonants for purposes such as article selection and syllabification even though their articulation closely resembles the corresponding vowels. Sounds of this type are grouped together with liquids under the broader category of approximants in many classification systems.","/j/ in 'yes' and /w/ in 'wet' are the two such sounds in English, patterning as consonants despite their vowel-like articulation."
36,"glottal (glottal stop, glottalisation, glottis)","The anatomical space between the two vocal folds within the larynx gives its name to this place of articulation, describing any sound whose primary constriction occurs at this location rather than higher up in the oral or pharyngeal cavity, making the vocal folds themselves the active articulators rather than the tongue, lips, or velum. One specific sound made here is produced by fully closing the vocal folds together, completely blocking the airflow for a brief moment before releasing it, and it functions as a genuine, contrastive consonant phoneme in many languages, while in English it typically occurs as an allophone, most commonly as a realization of /t/ in certain positions, or as an automatic onset marker before vowel-initial words in emphatic speech. More broadly, any secondary involvement of a closure at this location accompanying the production of another sound can range from complete replacement of an oral gesture to a more partial, creaky-voice-like constriction that co-occurs with an oral articulation. Because this location is also the site of voicing itself, sounds made here occupy an unusual position in feature systems, often being treated as unspecified for the features that describe oral place of articulation.",Many English speakers pronounce the medial /t/ in 'button' with a full closure of the vocal folds [ˈbʌʔn̩] rather than as a released alveolar stop.
37,heavy syllable (light syllable),"One member of this pair of syllable weight categories is treated by phonologists as prosodically weighty for purposes of stress assignment and other rhythmic rules, typically because it contains a long vowel, a diphthong, or a closing consonant, giving it greater duration or structural complexity, while the other member lacks these properties, usually consisting of just a short vowel with nothing following it. The precise definition of which category a given syllable falls into varies somewhat from language to language, and this variation is itself an important parameter that phonologists must determine empirically for each language, since some languages count any closing consonant as adding weight while others only count certain types or only distinguish weight based on vowel length. This distinction is central to quantity-sensitive stress systems, in which stress is assigned preferentially to syllables in the weightier category rather than being determined purely by position within the word, and the distinction also plays a role in poetic meter in many literary traditions, where the patterning of the two categories forms the basis of metrical verse structure.","In a quantity-sensitive stress system, a closed syllable like 'CVC' typically counts as belonging to the weightier category, while an open syllable like 'CV' with a short vowel counts as the lighter type."
38,heterosyllabic (vs. tautosyllabic),"One term in this contrasting pair describes a relationship between two sounds, most often two consonants, that belong to different, adjacent syllables rather than to the same syllable, meaning that a syllable boundary falls between them, while the other term describes the opposite situation, in which two sounds belong together within a single syllable, with no syllable boundary separating them. This distinction is important for phonological rules that are sensitive to syllable structure, since a rule might apply only to a same-syllable sequence of a nasal followed by a consonant within a single syllable's closing position, but not to a cross-syllable sequence in which the nasal ends one syllable and the following consonant begins the next syllable, even though the two sequences might look identical if syllable boundaries were ignored. Determining which of the two relationships holds for a given consonant sequence often requires independent evidence about syllabification, such as patterns of stress, vowel length, or native speaker intuitions, since the same string of sounds can sometimes be syllabified differently depending on the specific word or the dialect of the speaker. This pair of contrasting relationships is closely related to, and sometimes contrasted with, the concept of ambisyllabicity, in which a single consonant is analyzed as belonging simultaneously to both adjacent syllables.","In 'winter' [ˈwɪn.tər], the /n/ and /t/ typically belong to different syllables, split across the syllable boundary, unlike a cluster contained within a single syllable in a one-syllable word."
39,homophone (homophonous),"This term names a word that is pronounced identically to another word despite differing from it in spelling, meaning, or both, so that the two words share exactly the same sequence of phonemes even though a listener relying only on sound alone would be unable to distinguish between them without additional contextual information. Two words standing in this relationship are described with a related adjective, and this pair of terms is distinguished from words that share identical spelling but may differ in pronunciation and meaning, and from a broader umbrella term that can refer to words sharing either spelling or pronunciation or both. This kind of identical pronunciation arises in a language for a variety of historical reasons, including sound changes that cause originally distinct pronunciations to merge over time, borrowing of words from different sources that happen to converge on the same pronunciation, or simple coincidental similarity, and such pairs are often exploited deliberately for humorous or poetic effect, as in puns, precisely because the identical sound combined with different meaning creates an opportunity for wordplay. This kind of identity can occasionally create genuine ambiguity in spoken communication that must be resolved by context.",'Bare' and 'bear' share exactly the same pronunciation /bɛr/ in English despite their different spellings and meanings.
40,"homorganic (e.g., same place of articulation)","This term describes two or more sounds that share the same place of articulation, meaning they are produced with the active and passive articulators positioned at the same location in the vocal tract, even though the sounds may differ in other respects such as manner of articulation or voicing. This label is frequently invoked in phonological analysis to explain why certain consonant sequences are permitted while others are not, since many languages impose restrictions requiring that adjacent consonants, particularly a nasal followed by an obstruent, agree in place of articulation, which is precisely the pattern seen in nasal place assimilation. Recognizing that two segments share their place of articulation this way is also useful for explaining certain historical sound changes and synchronic alternations, since sounds sharing a place are more likely to influence each other through assimilation or to be confused or merged over time than sounds produced at very different locations in the vocal tract. This relational label applies to pairs or sets of sounds rather than describing any single sound in isolation, and it draws directly on the same place-of-articulation categories used elsewhere in phonetic and phonological description.","/m/ and /p/ share their place of articulation, both being bilabial, which is why English words like 'camp' allow this particular nasal-stop sequence."
41,iamb/iambic (trochee / trochaic),"One member of this pair of metrical units consists of an unstressed syllable followed by a stressed syllable, so that the rhythmic pattern rises from weak to strong within the unit, while the other member is the reverse pattern, consisting of a stressed syllable followed by an unstressed syllable, falling from strong to weak. In metrical phonology, languages are often characterized as having a general preference for building one or the other type of unit when assigning word stress, and this preference correlates with other systematic properties of the language's rhythm, such as whether stressed syllables tend to be lengthened, in languages favoring the rising type, or whether syllable duration tends to be more uniform, in languages favoring the falling type, a correlation sometimes captured under a broader rhythmic law. These same two labels originate in the study of poetic meter, where a line of verse can be scanned as a sequence of such units, and the terminology was later adapted by linguists to describe the more abstract rhythmic footing that underlies ordinary word stress assignment, independent of any poetic context.","The word 'above' [əˈbʌv] rises from weak to strong within its metrical unit, while 'happy' [ˈhæpi] falls from strong to weak."
42,intonation,"This term names the patterned variation in pitch across an utterance that is not used to distinguish the lexical identity of individual words, as lexical tone does in tone languages, but instead operates at the level of the phrase or sentence to convey grammatical, pragmatic, or attitudinal information, such as marking a sentence as a statement versus a question, signaling focus or emphasis on a particular word, indicating that an utterance is complete versus continuing, or conveying emotional nuance like sarcasm, surprise, or uncertainty. This system is typically described in terms of pitch contours or tunes that rise, fall, or combine rise and fall over particular stretches of an utterance, often analyzed using systems that identify discrete high and low pitch targets associated with specific syllables, along with boundary tones that mark the edges of larger prosodic phrases. Although every spoken language uses some version of this pitch-based system to some degree, languages differ considerably in exactly which tunes are available, what meanings they convey, and how tightly the system interacts with syntax and word-level stress or tone. This aspect of prosody is studied both as an autonomous system of meaning in its own right and as one component of the larger prosodic hierarchy that also includes stress and rhythm.","A rising pitch contour at the end of 'You're coming?' signals a question, while a falling contour on 'You're coming.' signals a statement."
43,intrusive 'r',"This phenomenon is found in many non-rhotic varieties of English in which an /r/ sound is inserted between two vowels across a word or morpheme boundary even though there is no historical or orthographic /r/ present in that position at all, occurring as a way of avoiding an awkward vowel-to-vowel transition, called hiatus, at the boundary between the two words. This process is closely related to a similar phenomenon in which a historically present but otherwise silent word-final /r/ is pronounced specifically because the next word begins with a vowel, and both are commonly explained together as reflecting a more general strategy some non-rhotic dialects use to break up vowel hiatus by inserting a smooth consonantal transition. Because this particular phenomenon inserts a sound that has no historical or spelling justification whatsoever, unlike its silent-r counterpart, it is frequently stigmatized as a pronunciation error by prescriptive commentators, even though it is a systematic, rule-governed, and extremely common feature of many prestigious non-rhotic accents, including many varieties of British English. Its existence is often cited as strong evidence that speakers of these dialects have reanalyzed the historical /r/-insertion rule as a general vowel-hiatus repair strategy rather than as a rule tied specifically to spelling.","Many non-rhotic British speakers insert an /r/ in phrases like 'the idea(r) of it', even though 'idea' has no historical or spelled 'r' at all."
44,international phonetic alphabet (IPA),"This standardized system of phonetic notation, developed and maintained by the International Phonetic Association, is designed to provide a unique, unambiguous symbol for every distinct speech sound that occurs in any human language, allowing linguists to transcribe the pronunciation of any language consistently regardless of that language's native writing system or spelling conventions. It is built on the principle that each symbol should correspond to one and only one sound and each sound to one and only one symbol, in contrast to ordinary alphabetic spelling systems, which frequently use the same letter for multiple sounds or multiple letters for the same sound, and it supplements its core set of symbols with diacritics that can mark finer phonetic detail such as aspiration, nasalization, length, or secondary articulation. Because it is designed to be universally applicable rather than tied to any single language, it serves as the standard tool used in linguistics, language teaching, speech pathology, and lexicography for representing pronunciation precisely and comparably across languages. Its chart of symbols is organized systematically according to place and manner of articulation for consonants and according to height and backness for vowels, mirroring the underlying articulatory properties the symbols represent.","The English word 'thought' is transcribed using this notation system as /θɔːt/, with dedicated symbols distinct from the ordinary Latin-alphabet spelling."
45,'l' velarization,"This process refers to the way the lateral approximant /l/ acquires a secondary articulation involving the raising of the back of the tongue toward the velum, producing a variant commonly called dark 'l', in contrast to the clear 'l' variant, which lacks this raising and has a brighter acoustic quality. In many varieties of English, this process is conditioned by syllable position, typically applying when /l/ is in coda position, either at the end of a syllable or before a following consonant, while the unaffected, clear variant tends to occur in syllable onset position, especially before a vowel. Some varieties of English extend this process much further, applying it to /l/ in essentially all positions, while other varieties, or certain sociolinguistic registers within a variety, show little or no application of it at all, making its degree and distribution a well-studied source of both dialectal and stylistic variation. Because this process changes the acoustic quality of /l/ quite noticeably without changing its phonemic identity, the two resulting variants are treated as allophones of a single underlying lateral phoneme rather than as separate phonemes in the languages where this alternation occurs.","The 'l' in 'milk' typically undergoes this back-of-tongue raising in many English accents, sounding noticeably different from the clear 'l' in 'light'."
46,lateral,"This term describes a manner of articulation in which the central part of the tongue makes contact with the roof of the mouth, blocking the direct central airflow path, while the sides of the tongue are lowered or drawn away from the sides of the palate, allowing air to escape freely around one or both sides of the central closure instead. This contrasts with sounds in which airflow passes straight through the middle of the oral cavity rather than being diverted around the sides of the tongue, and this distinction is one of the features used to classify approximants more finely, alongside place and manner. Sounds of this type are cross-linguistically common, appearing at various places of articulation across the world's languages, though English has only a single phoneme of this manner, realized with several different allophonic variants depending on its position in the syllable, most notably the clear versus dark distinction. Some languages additionally contrast a fricative or affricate version of this manner, in which the same side-channel airflow configuration is combined with a narrower constriction that produces audible frication rather than the smooth, vowel-like airflow typical of the approximant version.","/l/ in English, as in 'light' or 'feel', is the only consonant of this manner, with air escaping around the sides of the tongue."
47,larynx,"This structure, located in the upper part of the trachea and commonly known as the voice box, houses the vocal folds along with the cartilages and muscles that control their tension, position, and vibration, making it the primary organ responsible for generating voicing and controlling pitch during speech production. Air from the lungs passes upward through it on its way to the pharynx and oral or nasal cavity, and depending on how the vocal folds are positioned, this airflow can be left completely unobstructed, producing voiceless sounds, made to vibrate rapidly, producing voiced sounds, or fully blocked entirely, producing a glottal stop, making this organ the anatomical foundation for the voicing distinction that runs throughout the sound systems of virtually all spoken languages. It is also capable of adjusting the tension of the vocal folds to raise or lower fundamental frequency, giving speakers control over pitch for purposes ranging from lexical tone to sentence-level intonation, and certain languages additionally exploit distinctive settings here such as creaky voice or breathy voice as contrastive or expressive phonation types. Because of its central role, it is often studied together with the broader vocal tract in both phonetics and speech pathology.",Placing two fingers on the front of the neck while alternating between /s/ and /z/ lets you feel the vocal fold vibration controlled by this organ.
48,lax vowel (tense vowel),"One member of this pair of vowel categories is produced with relatively less muscular tension in the tongue and surrounding articulators, typically resulting in a shorter duration and a quality that is often somewhat more centralized, while the other member is produced with comparatively greater articulatory tension, usually resulting in a longer duration and a more peripheral, extreme tongue position closer to the edges of the vowel space. This distinction is used especially to describe pairs of vowels in English that are similar in height and backness but differ systematically along this dimension, and it has consequences for syllable structure, since the less-tense category in many varieties of English is restricted from appearing in open syllables or at the end of a word without a following consonant, unlike the more-tense category, which can occur freely in open syllables. Although the two labels are described impressionistically in terms of muscular effort, they are also correlated with measurable acoustic and articulatory differences, and the distinction functions as a genuine phonological feature in the vowel system of English and several other languages, helping to organize vowel pairs into natural classes for the purposes of phonological rules.","The vowel in 'bit' /ɪ/ belongs to the less-tense category, while the vowel in 'beat' /iː/ belongs to the more-tense category, and unlike /iː/, /ɪ/ cannot end an English word by itself."
49,lenition,"This process, common historically and synchronically across many languages, occurs when a consonant becomes weaker or less obstruent, typically shifting along a scale from a stronger articulation toward a phonetically or perceptually softer one, such as a voiceless stop becoming voiced, a stop becoming a fricative or approximant, or a consonant being deleted entirely, usually as the endpoint of progressive weakening. It is frequently triggered by a weak prosodic environment, such as occurring between two vowels, in an unstressed syllable, or at the end of a word, where articulatory effort tends to be reduced compared to strong positions like the beginning of a stressed syllable, and it is understood as the opposite of a process in which a sound becomes stronger rather than weaker. Patterns of this kind are extremely well documented as a diachronic mechanism of historical sound change, famously in the Celtic languages, where the process operates as a productive synchronic morphophonological rule triggered by specific grammatical contexts, but the same general weakening tendency also underlies many everyday allophonic processes in casual speech across unrelated language families, including flapping and spirantization.",The historical shift of intervocalic /p/ to /b/ and eventually to /v/ in many Romance languages is a classic example of this kind of progressive weakening.
50,level of representation (underlying and surface representation),"This term refers to one of the distinct layers of abstraction at which phonologists describe the pronunciation of a word within a rule-based or derivational framework, with one layer capturing the abstract, often invariant form of a morpheme as it is stored in a speaker's mental lexicon before any phonological rules have applied, and another layer capturing the concrete, fully rule-derived pronunciation that is actually spoken and heard. Between these two layers, a derivation may pass through one or more intermediate stages, each reflecting the cumulative effect of applying some subset of the ordered phonological rules, and different theoretical frameworks disagree about exactly how many such layers are necessary and how abstract the earliest one should be allowed to be. Positing a starting layer that is more abstract than any single surface form allows a single stored form to explain multiple related surface alternants through general rules, which is often considered more economical and explanatory than storing every surface variant separately, though this abstractness is also a frequent source of theoretical debate about how psychologically real such abstract starting forms actually are.","An abstract starting form like /rɪd+z/ for 'reads' becomes the concrete, spoken form [rɪdz] after regular voicing agreement rules apply to the plural suffix."
51,lexical rule,"This term names a phonological rule that applies within the word-formation component of the grammar, meaning it operates on individual words or morphemes as they are being assembled, typically before or during word formation and often sensitive to morphological structure, grammatical category, or membership in a specific word class, in contrast to a rule that applies later, after word formation is complete, and typically operates more automatically across larger phrases regardless of morphological structure. Rules of this earlier-applying kind are frequently associated with exceptions, restrictions to particular word classes, and a certain degree of unpredictability or idiosyncrasy, reflecting their close ties to the specific morphological makeup of individual words, whereas rules applying later in the derivation tend to behave more uniformly and exceptionlessly. This distinction in timing of rule application is a central organizing principle of an influential theoretical framework that explicitly divides the grammar into ordered strata, with certain morphological processes and their associated phonological rules applying at earlier strata and others, along with more general phrase-level phonological rules, applying only afterward at a final stage.","A stress-assignment rule that applies only when a specific derivational suffix is attached, and not elsewhere, applies at this earlier, word-formation-sensitive stage."
52,linking 'r',"This phenomenon occurs in non-rhotic varieties of English in which a word-final /r/ that is normally silent when the word appears in isolation or before a consonant is instead pronounced when the following word begins with a vowel sound, effectively joining the two words together with an audible consonant across the boundary between them. This process reflects the historical fact that these dialects lost /r/ only in certain positions, specifically before a consonant or at the absolute end of an utterance, while retaining it in environments where it was followed directly by a vowel, so this phenomenon can be understood as the surviving remnant of the original, fully rhotic pronunciation appearing precisely in the context where historical /r/-deletion never applied. It is closely related to, and often discussed alongside, a phenomenon in which a similar /r/ sound is inserted between vowels even where no historical or orthographic /r/ ever existed, with the two together suggesting that many non-rhotic speakers have generalized a rule requiring an /r/-like consonant before a following vowel across word boundaries, rather than treating this phenomenon merely as an isolated remnant of historical spelling.","In a non-rhotic accent, 'far' is pronounced without /r/ in isolation, but the /r/ is pronounced when the next word starts with a vowel, as in 'far away'."
53,liquid,"This traditional phonetic and phonological category groups together lateral approximants and rhotic approximants, treating both as sharing enough articulatory and phonological similarities, including their sonorant, vowel-like resonant quality combined with their consonantal syllable-margin distribution, to be classed together under one label despite their quite different individual articulations. Sounds in this category are grouped together with glides under the still broader category of approximants, since neither this category nor glides involve the narrow constriction and resulting turbulent airflow found in true fricatives, but this category is typically distinguished from glides by its somewhat greater degree of vocal tract constriction and by certain characteristic phonological behaviors, such as frequent participation in complex onset clusters together with an obstruent. This category, while useful descriptively and pedagogically, actually covers considerable articulatory diversity across languages, since rhotic sounds in particular can be produced in an unusually wide variety of ways, including as taps, flaps, trills, or approximants at several different places of articulation, meaning that the featural definition of what unifies this whole category cross-linguistically remains a subject of ongoing phonological discussion.","/l/ and /r/ in English, as in 'light' and 'right', both belong to this category, patterning as sonorant consonants distinct from obstruents."
54,manner of articulation (place of articulation),"One dimension in this pair of basic descriptive parameters refers to the specific way in which the airstream is modified or obstructed as it passes through the vocal tract during the production of a consonant, encompassing categories such as complete closure followed by release for stops, narrow constriction producing turbulence for fricatives, combined closure and turbulent release for affricates, lowered velum allowing airflow through the nose for nasals, and relatively open, vowel-like configurations for approximants. The other dimension, by contrast, specifies exactly where in the vocal tract this modification of airflow occurs, identifying which active articulator, such as the lips or tongue, approaches or contacts which passive articulator, such as the teeth, the ridge behind them, the palate, the velum, or the glottis. Any given consonant is fully specified only by stating both of these dimensions together, along with its voicing, since one dimension alone identifies a broad category shared by many sounds at different locations, while the other alone identifies a location shared by sounds with different manners, and the standard consonant chart used in phonetics arranges every consonant according to the intersection of these two dimensions.","/t/ and /k/ share one of these two dimensions, both being stops, but differ in the other, alveolar versus velar; /t/ and /s/ share the location dimension but differ in how the airflow is shaped."
55,metathesis,"This process occurs when the relative order of two sounds within a word is reversed or transposed, so that a sequence that was originally, say, consonant-vowel becomes vowel-consonant, or two consonants swap their positions relative to each other, producing a surface form whose sound sequence differs from the historical or underlying order without any sounds actually being added, deleted, or changed in quality. It can occur as a regular, productive synchronic process in the phonology of a language, systematically reordering sounds in certain predictable environments, or it can occur as a sporadic historical accident affecting only a handful of individual words, sometimes eventually becoming lexicalized as the new standard pronunciation even though it originated as what would once have been considered a speech error or a dialectal variant. It is also well documented as a type of speech error or slip of the tongue in ordinary spontaneous speech production, closely related to but distinct from a spoonerism, since this simpler kind of reordering typically involves swapping sounds within a single word rather than exchanging sounds between two separate words.","The Old English word 'wæps' underwent this kind of sound-order reversal to become modern English 'wasp', swapping the order of the /p/ and /s/ sounds."
56,minimal pair (near minimal pair),"This term names a pair of words in a language that differ in meaning and that differ in pronunciation by exactly one sound in exactly the same position, with every other sound in the two words being identical, making pairs of this kind the single most direct and widely used type of evidence for establishing that two sounds are separate, contrastive phonemes rather than allophones of the same phoneme in that language. A weaker but still useful version of the same kind of evidence consists of two words that differ in more than one sound but that nonetheless still support the same phonemic contrast, typically because the additional differences are independently known not to be relevant, allowing linguists to still draw a reasonably confident phonemic conclusion even when a perfect single-sound example cannot be found in the available data. Successfully finding a strict example of this kind for two sounds is considered strong, direct proof that the two sounds must be assigned to separate underlying phonemes, since the meaning difference between the two words can only be attributed to that one sound difference, whereas an inability to find any strict or near example, especially combined with evidence of complementary distribution, instead points toward an allophonic relationship.","'Pat' /pæt/ and 'bat' /bæt/ differ in meaning by exactly one sound in the same position, showing that /p/ and /b/ are separate phonemes in English."
57,"nasal (stop), nasalized vowel, nasalization","One sound in this family is produced with a complete closure somewhere in the oral cavity, just as with an ordinary oral stop, but with the velum lowered so that air is redirected to flow out through the nose instead of being blocked entirely, giving the sound its characteristic resonant quality despite the oral closure. A vowel can also take on a version of this same quality when it is produced with the velum at least partially lowered during its articulation, allowing some air to escape through the nose simultaneously with the normal oral vowel articulation, which changes its acoustic and perceptual quality compared to a corresponding fully oral vowel with the velum raised and closed. The general process behind this whole family refers to the spreading of this lowered-velum airflow property onto a neighboring sound that would not otherwise have it, most commonly a vowel taking it on because it is adjacent to a consonant of this type, a pattern found across many languages as either an automatic phonetic effect or, in some languages, a fully phonemic and contrastive property of vowels in their own right, independent of any adjacent triggering consonant.","In English, the vowel in 'bang' takes on this lowered-velum quality due to the following consonant, even though the property itself is not contrastive in English vowels."
58,natural class (naturalness),"This term names a set of sounds in a language that share one or more distinctive properties in common and that, as a group, pattern together in the phonological rules of that language, undergoing the same processes or triggering the same effects on neighboring sounds, in a way that would be difficult to state economically if the sounds were simply listed individually without reference to their shared properties. The related concept underlying this notion reflects the idea that phonological rules overwhelmingly tend to target groups of sounds defined by genuine shared properties rather than arbitrary, featurally unrelated groupings, and this tendency is taken as evidence that distinctive properties are not just a convenient descriptive notation but actually correspond to real, cognitively active units that speakers' grammars are sensitive to. Identifying the correct group targeted by a given rule is a central analytical task in phonology, since correctly identifying the relevant shared property or properties allows the rule to be stated in its most general and explanatory form, whereas failing to identify the true group often results in a rule that appears to have unexplained, arbitrary exceptions.","The group of English voiceless obstruents /p, t, k, f, θ, s, ʃ, tʃ, h/ conditions the pronunciation of the plural suffix as [s] rather than [z]."
59,"neutralization, neutralized","This process occurs when a contrast between two or more phonemes that is normally distinctive in a language is suspended or eliminated in a particular environment, so that the sounds which would ordinarily be kept phonemically distinct converge on a single surface realization in that specific context, even though the same sounds remain fully contrastive and distinguishable everywhere else in the language. A contrast affected this way is described with a related passive adjective in that environment, and the single surface form that results can sometimes be identical to one of the two original contrasting sounds, or it can occasionally be a third form that is phonetically intermediate between them or otherwise distinct from both underlying sounds. This process is theoretically significant because it creates cases where the surface pronunciation alone is not sufficient to determine which underlying phoneme is actually present, requiring linguists to look instead at related forms in which the contrast is not suspended, or at other kinds of morphological or historical evidence, in order to correctly identify the underlying phonemic identity of the affected sound.","In German, the contrast between voiced and voiceless obstruents is suspended word-finally, so underlying /d/ and /t/ both surface as [t] at the end of a word."
60,node,"In the context of phonological representation, this term refers to a labeled point within a hierarchical, tree-like structure that is used to organize and represent phonological information, such as features, syllable constituents, or metrical structure, and to formally express the relationships of dominance and grouping among the different pieces of phonological structure that a given theoretical model assumes. In feature geometry, for instance, individual distinctive features are organized underneath higher, more abstract class points of this kind, such as one grouping together features related to voicing, or one grouping together features related to the location of articulation, and phonological rules can then refer economically to an entire point along with everything beneath it at once, rather than needing to list each lower-level feature separately every time. Similarly, in syllable structure representations, points of this kind are used to represent the syllable itself along with its constituent parts, such as the onset, nucleus, and coda, arranged hierarchically beneath the syllable, and in metrical phonology, they represent strong and weak positions within the branching tree structure of a metrical foot. The use of such hierarchical points across these different subfields of phonology reflects a broader theoretical shift away from treating segments as simple, unstructured bundles of features toward representing phonological information with rich, internally organized hierarchical structure.","In feature geometry, the laryngeal grouping point dominates the features [voice] and [spread glottis], allowing a single rule to target both features at once."
62,nucleus,"This term names the obligatory core of a syllable, most commonly filled by a vowel but in some languages also fillable by a sonorant consonant such as a liquid or nasal functioning as the syllable's peak, and it is the one syllable constituent that cannot be omitted, since every syllable, by definition, must contain this core even if it lacks a beginning or an end consonant entirely. This constituent typically carries the greatest sonority, or acoustic prominence, of any segment within its syllable, which is why vowels, being maximally sonorous, are cross-linguistically the default and by far the most common filler of this position, while sonorant consonants can only serve this role under more restricted conditions found in a smaller subset of languages, and true obstruents essentially never function this way. Together with the onset preceding it and the coda following it, this core forms the tripartite internal structure that phonologists use to describe how segments are organized within a single syllable, and this core alone, together with the coda, is often grouped together under the higher-level constituent called the rhyme, distinguishing this vowel-plus-coda unit from the onset that precedes it.","In the word 'cat' [kæt], the vowel /æ/ fills this core position, flanked by the onset /k/ and the coda /t/."
63,obstruent,"This term names a major class of consonants characterized by a significant obstruction of the airflow through the vocal tract, sufficient to create either a complete stoppage of airflow, as in stops, or audible turbulent frication, as in fricatives and affricates, and this class is defined in opposition to sonorants, which allow the airflow to pass relatively freely without creating this kind of substantial obstruction or turbulence. Sounds in this class typically pattern together as a natural group in the phonology of many languages, commonly showing voicing contrasts, participating in processes like final devoicing or voicing assimilation, and behaving differently from sonorants with respect to syllabification, since members of this class are strongly disfavored or entirely excluded from functioning as a syllable nucleus, unlike certain sonorant consonants, which can occasionally serve that role. The major class property distinguishing this group from sonorants is considered one of the most fundamental divisions in the entire consonant system, cutting across the finer manner-of-articulation categories, since stops, fricatives, and affricates are all classified together in this group despite their differing individual manners, while nasals, liquids, and glides are all classified together as sonorants despite likewise differing from one another in manner.","Stops, fricatives, and affricates, such as /p, s, tʃ/, all belong to this class in English, contrasting with sonorants like /m, l, w/."
64,onset,"This term names the portion of a syllable that precedes the vowel nucleus, consisting of zero, one, or, in many languages, more than one consonant that begins the syllable before the nucleus is reached, and together with the nucleus and coda it forms the standard tripartite division phonologists use to describe internal syllable structure. Unlike the nucleus, this constituent is not obligatory in most languages, meaning that syllables can begin directly with a vowel and have nothing filling this position at all, although some languages do require every syllable to have at least one consonant here, inserting a glottal stop or similar default consonant if no other consonant is available to fill it. Languages vary considerably in how large and how internally structured a permissible cluster in this position can be, with some languages allowing only a single consonant here and others permitting quite complex sequences of two or even three consonants, and the specific combinations allowed together in this position are governed by that language's phonotactic constraints, often reflecting sonority-based restrictions on which consonant types can combine and in which relative order.","In the word 'string' [strɪŋ], the three-consonant cluster /str/ fills this position preceding the vowel nucleus."
65,opacity (opaque),"This term, in phonology, describes a situation in which the environment that originally triggered a phonological rule to apply is no longer visible on the surface, either because that triggering environment has itself since been altered or deleted by the application of another rule, or because a rule applies even though its normal triggering environment does not actually appear on the surface at all, making the rule's application look unmotivated or exceptional if one only examines the final surface form without considering the order in which rules applied during the derivation. A rule or its output described with the related adjective is precisely one where the connection between the rule and its conditioning environment is obscured, and resolving an apparent case of this kind typically requires positing an intermediate stage in the derivation, prior to the application of whichever rule destroyed or altered the triggering context, at which the conditioning environment for the earlier rule was still genuinely present and visible. Effects of this kind are considered theoretically important and sometimes challenging because they provide strong evidence for ordered, derivational rule application with meaningful intermediate representations, and they have historically posed significant analytical difficulties for surface-oriented, non-derivational, or purely output-based frameworks such as classic Optimality Theory, which must therefore develop specialized mechanisms to handle such cases.","If a vowel is nasalized before a nasal consonant that is later deleted, the resulting nasalized vowel with no adjacent nasal consonant illustrates this kind of surface obscuring of an earlier rule's trigger."
66,oral tract,"This term refers to the portion of the overall vocal tract that lies within the mouth, extending from the lips at the front to the velum toward the back, encompassing the space bounded by the tongue, the hard and soft palate, the teeth, and the lips, and it is the primary cavity in which most consonant and vowel articulations are shaped, since the great majority of place-of-articulation distinctions involve some part of the tongue interacting with a location along this cavity. This region is distinguished from the separate air passage through the nasal cavity, which is coupled to or decoupled from it depending on the raised or lowered position of the velum, and together with that nasal passage and the pharyngeal cavity below them, this region makes up the full supralaryngeal vocal tract through which sound produced at the larynx is filtered and shaped into recognizable speech sounds. Most sounds in the world's languages are produced as purely oral sounds, with the velum raised to block off the nasal passage entirely, while nasal consonants and nasalized vowels specifically involve opening this connection to allow simultaneous airflow through the nasal passage as well.","During the production of an oral vowel, the velum is raised to seal off the nasal passage, directing all airflow through this cavity alone."
67,palatal,"This term names a place of articulation in which the body or front of the tongue is raised toward the hard, bony, dome-shaped area of the roof of the mouth located between the alveolar ridge and the softer velum further back, and this relatively high, forward tongue-body position gives sounds made here a characteristic bright, high-frequency acoustic quality. True consonants made at this exact location are found less frequently as a primary, independent place of articulation across the world's languages compared to places like alveolar or velar, but this region plays an extremely important secondary role, since raising the front of the tongue toward it as a secondary articulation superimposed on some other primary place is one of the most common and productive phonological processes found across languages. In English specifically, the single true consonant made at this exact location is a glide, articulated with a tongue-body position very close to that of a high front vowel, while other sounds sometimes loosely described in everyday terms as being made here, such as the post-alveolar affricates and fricatives, are more precisely classified as being produced slightly further forward, at the boundary between the alveolar ridge and this region proper.","/j/ in 'yes' is the one true consonant made at this location in English, produced with the front of the tongue raised close to the hard palate."
68,palato-alveolar,"This term, sometimes also called post-alveolar, names a place of articulation located just behind the alveolar ridge and just in front of the hard palate proper, representing an intermediate location between the purely alveolar and purely palatal regions, and it is the specific place of articulation used for a well-known and cross-linguistically common set of consonants that combine this constriction location with lip rounding as an additional secondary articulation. This place of articulation is the site of production for the two English fricatives and two affricates that together give English its full sibilant series alongside the alveolar sibilants /s/ and /z/, and the six sibilants together, spanning both the alveolar and this place of articulation, are frequently treated as a single natural class in phonological rules despite being produced at two technically distinct locations, because they share the key articulatory property of directing a strong turbulent airstream against the back of the teeth. Some phonetic traditions distinguish this term from a near-synonym as subtly different locations, while others use the two terms interchangeably to refer to essentially the same region just behind the alveolar ridge.","/ʃ, ʒ, tʃ, dʒ/, as in 'ship', 'measure', 'chip', and 'judge', are all produced at this place of articulation in English."
70,phoneme,"This term names the smallest contrastive unit of sound in a given language, meaning a minimal unit of sound that, when substituted for another such unit in an otherwise identical word, can change the meaning of that word, making units of this kind the basic building blocks used to distinguish one word from another within a language's sound system. Units of this kind are considered abstract mental categories rather than concrete physical sounds, since a single one is typically realized on the surface by several different phonetic variants, called allophones, whose distribution across different phonetic environments is generally predictable, while the more abstract unit itself represents what speakers store and what remains constant across all of its surface realizations. The full set of such contrastive units that a language employs is established through systematic analysis of minimal pairs and complementary distribution, and different languages can carve up very similar articulatory or acoustic space into quite different sets of these contrastive units, which is why sounds that are contrastive in one language may be mere non-contrastive variants of a single unit in another.",/p/ and /b/ count as two separate such units in English because minimal pairs like 'pat' and 'bat' show that substituting one for the other changes meaning.
71,phonetic form,"This term refers to the level of representation at which a linguistic expression is specified with enough concrete phonetic detail to correspond directly to its actual pronunciation, typically understood as the final output of the phonological component of the grammar after all relevant phonological rules, including both categorical and low-level, gradient phonetic processes, have applied, and it is the representation that most directly interfaces with the actual articulatory and acoustic implementation of speech. In certain generative grammatical architectures, this level is explicitly identified as one of the interface levels connecting the abstract syntactic and phonological computation of the grammar to the physical, articulatory-acoustic systems responsible for actually producing and perceiving speech sounds, contrasting with more abstract levels of representation that may still omit certain low-level phonetic detail that this level is expected to include. Because this level is meant to capture essentially everything relevant to the actual pronunciation of an utterance, it typically includes fine-grained detail, such as precise timing, coarticulatory effects, and gradient phonetic variation, that would often be left unspecified or treated as non-contrastive at more abstract levels.","The fully detailed pronunciation of 'butter' in casual American English includes a flapped medial consonant [ˈbʌɾɚ], reflecting a level of detail beyond the more abstract phonemic representation /ˈbʌtər/."
72,phonetics vs. phonology,"One of this pair of linguistic subfields is concerned with the physical, concrete properties of speech sounds themselves, including how they are produced by the articulators in the vocal tract, how they can be measured and analyzed as physical sound waves, and how they are perceived and processed by listeners, treating speech sounds as continuous physical events without necessarily reference to their function within any particular language's grammar. The other subfield, by contrast, is concerned with the abstract, cognitive organization of sound within a specific language or across languages generally, studying how sounds function contrastively to distinguish meaning, which sounds pattern together as natural classes, what rules govern predictable alternations and possible sound sequences, and how these abstract sound patterns are mentally represented and structured by speakers, treating sound not as raw physical substance but as a structured system with categories, contrasts, and rules. Although the two fields are closely interrelated and mutually informative, since the more abstract categories and rules are ultimately grounded in and constrained by the physical realities the more concrete field describes, the concrete field is typically considered a more universal, language-independent discipline studying the full range of humanly possible speech sounds, while the abstract field is typically considered language-particular, studying how each individual language organizes and constrains a subset of that broader space into a structured contrastive system.","One field would describe the precise voice onset time of aspirated [pʰ], while the other explains why that same aspirated sound is treated as the same phoneme as unaspirated [p] in English."
73,phonotactics,"This term refers to the set of language-specific constraints that determine which sequences of sounds are permissible and which are impermissible within a given language, governing, for example, which consonants and consonant clusters are allowed to occur in onset or coda position, which vowels may follow which consonants, and more generally what the legal shapes of syllables and words are within that particular language's sound system. Constraints of this kind vary enormously from language to language, so that a consonant cluster that is perfectly natural and common in one language may be entirely impossible, or require modification through processes like epenthesis or deletion, when the same sequence appears in a loanword being adapted into a different language with stricter constraints of this type. Many such constraints are explained in terms of sonority, since a broad cross-linguistic tendency favors syllable-internal sonority to rise from the edge of the onset toward the nucleus and then fall again toward the edge of the coda, meaning that consonant clusters violating this sonority-based rise-and-fall pattern are disfavored or outright banned in many languages even when the individual sounds involved are each independently permissible elsewhere in that language.","English constraints of this kind allow the onset cluster /str/ as in 'string' but disallow the cluster /ps/ word-initially, unlike some other languages."
74,plosive (~stop),"This term names a consonant produced through a complete, momentary closure of the vocal tract at some point along its length, fully blocking the flow of air, followed by a sudden release of that closure that produces an audible burst of sound as the built-up air pressure is abruptly released, and it is largely synonymous with the more general term for this manner, though some traditions reserve this label specifically for oral versions with an audible release burst, distinguishing them from nasal versions, which share the complete oral closure but continuously release air through the nose rather than building up pressure for a single burst release. Consonants of this manner are classified according to their place of articulation, spanning the full range from bilabial through glottal, and according to their voicing, and in many languages they additionally show an aspiration contrast, particularly among voiceless members, distinguishing whether or not a noticeable puff of air and delay in voicing follows the release of the closure. Because this manner involves a complete, momentary stoppage of airflow rather than a continuous narrowing, sounds of this type are classified phonologically as non-continuants, in contrast to fricatives and approximants.","/p, t, k, b, d, g/ are the six consonants of this manner in English, produced with a complete oral closure followed by a release burst."
75,plural formation,"This term refers to the set of morphological and phonological processes by which a language marks a noun as referring to more than one entity, and in English this is primarily accomplished by adding a regular suffix to the singular noun, with the precise pronunciation of that suffix determined phonologically rather than being fixed to a single invariant form, illustrating a classic and frequently cited case of a productive morphophonological alternation governed by a small set of general rules. The regular suffix used for this purpose in English surfaces as a voiceless sibilant following a voiceless obstruent other than a sibilant, as a voiced sibilant following a voiced sound other than a sibilant, and as a full extra syllable containing a vowel plus a sibilant when the noun already ends in a sibilant or affricate, a pattern that reflects both a voicing assimilation rule and an epenthesis rule inserted specifically to avoid two sibilants clashing directly against each other. Alongside this productive regular pattern, English also retains a small set of irregular forms for this same grammatical purpose, inherited historically, which do not follow the regular suffixation pattern at all and must instead be learned and stored individually as exceptions.","The suffix used for this purpose surfaces differently in 'cats' [kæts], 'dogs' [dɒgz], and 'buses' [bʌsɪz], depending on the final sound of the singular noun."
76,post-lexical rule,"This term names a phonological rule that applies after all word formation processes within the lexical component of the grammar have been completed, typically operating automatically and without exception across an entire phrase or utterance regardless of morphological structure or grammatical category, in contrast to a rule that applies earlier, is often sensitive to specific morphological environments or word classes, and is more prone to lexical exceptions and idiosyncrasies. Because a rule of this later-applying kind applies late and generally cannot see or refer back to the internal morphological structure of the words it affects, it tends to behave more like an automatic, low-level phonetic process than like a rule governing more abstract, structure-sensitive phonological alternations, and it typically applies completely across the board within its triggering environment, without the kind of exceptions commonly found among earlier-applying rules. This distinction in timing of rule application is a foundational organizing principle of an influential stratal theory of the grammar, and identifying whether a particular rule behaves as earlier- or later-applying, based on criteria such as whether it shows structure sensitivity, exceptions, or interaction with word-formation processes, is an important diagnostic tool in phonological analysis.","Flapping of /t/ in casual American English applies automatically across word boundaries in phrases like 'get it', behaving as a rule of this later-applying, structure-blind kind."
77,"rhotic (rhoticisation, rhoticised vowels)","This general cover term is used to describe /r/-like sounds, which display remarkable articulatory diversity across the world's languages, being realized variously as trills, taps, flaps, or approximants, and at a range of different places of articulation, yet all conventionally grouped together under this single label because of certain shared acoustic and historical properties, as well as their tendency to pattern together phonologically within individual languages. Applied to entire language varieties, this same label describes whether or not that variety of a language pronounces historical /r/ in all positions, including syllable-final and pre-consonantal positions, with varieties fitting this label retaining /r/ everywhere and other varieties dropping it in those specific positions while often retaining it before a vowel, a split that underlies related phenomena such as linking and intrusive 'r'. A vowel described with the related adjective carries an /r/-like acoustic coloring throughout its articulation, typically produced with a specific tongue shape, such as a retroflexed or bunched tongue configuration, that gives the vowel a distinctive resonance, and such vowels are common in varieties fitting this label as the realization of a vowel followed historically by /r/.","American English generally fits this label, pronouncing a vowel with r-like coloring in 'bird' [bɝd], while many British varieties do not and drop the /r/ in that position."
78,rhyme,"In syllable structure, this term, sometimes spelled with an alternate vowel, names the constituent that groups together the nucleus and the coda of a syllable as a single unit, standing in contrast to the onset, which precedes this unit and is not included within it, and this constituent is a standard part of the hierarchical syllable tree assumed in most theories of syllable structure. This constituent is often treated as the domain relevant to syllable weight calculations, since weight is typically determined by properties internal to it, such as vowel length or the presence and number of closing consonants, while the onset generally does not contribute to syllable weight regardless of how many consonants it contains. The linguistic notion captured by this term is directly related to, and indeed the technical origin of, the everyday poetic sense of the same word, since two words are perceived as matching in that poetic sense precisely when they share an identical version of this constituent, meaning an identical nucleus and coda, even though their onsets may differ completely, which is exactly why words like a simple monosyllable and its counterpart differing only in the initial consonant are judged by ordinary speakers to match in that poetic sense.","'Cat' and 'bat' share an identical nucleus-plus-coda constituent, /æt/, differing only in their onset consonants /k/ and /b/, which is why they match in the everyday poetic sense."
79,rounding (lip rounding),"This term refers to an articulatory configuration in which the lips are drawn together and protruded forward into a rounded shape during the production of a sound, and it functions as a distinctive feature that can apply either to vowels, distinguishing vowels with this quality from those without it at otherwise similar heights and backness values, or to consonants, where it typically appears as a secondary articulation superimposed on some other primary place and manner of articulation. Among vowels, this quality tends to correlate cross-linguistically with backness, since back vowels are more commonly produced with it and front vowels more commonly without it, although many languages, including several found in Europe, do contrast front vowels with this quality against front vowels without it, showing that the two properties are in principle independent, separately specifiable features even though they show a strong statistical tendency to co-occur in a particular pattern. As a secondary articulation on consonants, this lip configuration is frequently found accompanying sounds such as certain sibilants or velar and labial-velar glides, where it is maintained simultaneously with the primary oral constriction that defines the sound's basic place and manner category.","The vowel /u/ as in 'boot' is a back vowel produced with this lip configuration, while the /ʃ/ in 'ship' carries the same lip configuration as a secondary articulation alongside its palato-alveolar place."
80,rule ordering (extrinsic vs. intrinsic order),"This term refers to the sequence in which multiple phonological rules apply to an underlying representation during a derivation, and because applying two or more rules in different relative orders can often produce genuinely different, and only one of them correct, surface outputs, determining the proper sequencing of rules is a central analytical task within rule-based generative phonology. One type of this sequencing must be explicitly stipulated by the grammar itself, as an independent, arbitrary statement about which rule applies before which other rule, with no way to predict this particular sequencing automatically just from the internal content or structure of the rules themselves. The other type, by contrast, refers to cases in which the correct application sequence actually follows automatically and predictably from general principles or from the structural relationship between the rules involved, such as one rule's output happening to create the necessary triggering environment for a second rule, meaning that the correct sequence does not need to be separately stipulated by the grammar at all, since it falls out naturally from the rules' own content. The theoretical preference among many phonologists for the second, self-derived type over the first, stipulated type reflects a broader preference for explanatory economy, since a grammar that needs fewer arbitrary stipulations is generally considered more elegant and more likely to reflect genuine linguistic generalizations.","If Rule A must apply before Rule B purely because the grammar stipulates that sequence with no independent motivation, the two rules follow the stipulated type of sequencing."
81,schwa,"This term names a mid-central, typically very short and unstressed vowel sound, phonetically among the most reduced and neutral vowel qualities possible, produced with the tongue in a relatively relaxed, roughly central position within the mouth that is neither notably high nor low, nor notably front nor back, giving it an acoustic and articulatory profile that closely approximates the vocal tract's neutral resting configuration. This vowel is extremely common in stress-timed languages like English, where it frequently arises as the automatic, predictable realization of an underlying vowel that has been phonetically reduced specifically because it occurs in an unstressed syllable, meaning that a wide variety of different underlying vowels can all surface as this one reduced quality once stress is removed from their syllable, making it function almost like a phonetic default outcome of vowel reduction rather than a vowel with a single, fixed underlying identity of its own. In some languages, this vowel is nonetheless a genuine, independently contrastive phoneme in its own right rather than merely a derived, reduced allophone of other vowels, and this cross-linguistic difference in its phonological status is an important point of variation studied in comparative phonology.","The final unstressed vowel in 'sofa' [ˈsoʊfə] is this reduced, central vowel typical of unstressed syllables in English."
82,semi-vowel,"This term is essentially a synonym for glide, referring to a sound articulated with an open, unobstructed vocal tract configuration very similar to that of a vowel but functioning phonologically as a consonant, typically occupying the margins of the syllable, in onset or coda position, rather than serving as the syllable nucleus the way a true vowel does. This label emphasizes the sound's hybrid or intermediate status, acoustically and articulatorily resembling a vowel quite closely, often a high vowel specifically, while behaving distributionally and phonologically like an ordinary consonant, for instance in triggering consonantal rather than vocalic article selection or in patterning with other consonants for purposes of syllabification and phonotactic rules. Because sounds of this kind are defined by a rapid transitional movement toward a following vowel target rather than by maintaining a steady articulatory posture the way a genuine vowel does, they are typically distinguished acoustically from true vowels by this characteristic dynamic transition, even when the extreme articulatory target they approach is essentially identical to that of a corresponding high vowel.","/w/ and /j/ are sounds of this hybrid type in English, articulated similarly to the vowels /u/ and /i/ but functioning as consonants in words like 'wet' and 'yes'."
83,sibilant,"This term names a fricative or affricate produced with an especially intense, high-frequency, hissing or hushing acoustic quality, resulting from directing a strong, focused, turbulent airstream against the back surface of the upper front teeth in addition to the primary oral constriction, which produces significantly louder and perceptually more salient frication noise than is found in non-members of this category produced elsewhere in the vocal tract. Sounds of this type are typically produced at the alveolar or palato-alveolar places of articulation, and in English this category consists of six sounds spanning both of these places, forming a natural class that behaves distinctively in several phonological processes, most notably in triggering the epenthesis rule that inserts an extra vowel before the regular plural or possessive suffix specifically when a noun already ends in a member of this category, avoiding two such sounds clashing directly next to each other. Although the fricatives /f/ and /v/ are technically specified with the same acoustic-intensity property that defines this category, they are conventionally excluded from it in descriptions of English because they do not pattern together with the other members in triggering this and other category-specific phonological processes.","The six English members of this category /s, z, ʃ, ʒ, tʃ, dʒ/ trigger vowel epenthesis before the plural suffix, giving 'buses' [bʌsɪz] rather than [bʌsz]."
84,"sonorant (sonority, sonority hierarchy)","This major class feature describes sounds produced with a relatively open vocal tract configuration that allows spontaneous, unimpeded voicing to occur without requiring the buildup of significant air pressure behind an obstruction, a category that includes all vowels along with certain consonants, namely nasals, liquids, and glides, standing in contrast to obstruents, which involve enough obstruction to make spontaneous voicing considerably more difficult to sustain. A closely related, more graded acoustic and perceptual property refers to the relative loudness, resonance, or vowel-likeness of a sound, and a proposed cross-linguistic ranking of major sound classes based on that property, typically ordering vowels as most prominent, followed by glides, then liquids, then nasals, and finally obstruents as least prominent, is used to explain and predict a wide range of phonotactic patterns, most notably why syllable-internal consonant clusters overwhelmingly tend to rise along that ranking moving toward the nucleus and fall moving away from it. This ranking also plays an important role in explaining which consonants are more likely to function as a syllable nucleus in languages that permit consonantal nuclei, since consonants higher on the ranking are considerably more likely to take on this nucleus-like role than those lower on it.","In the onset cluster /pl/ as in 'play', prominence rises from the less prominent stop /p/ to the more prominent liquid /l/, consistent with the general ranking's predictions for syllable structure."
85,spoonerism,"This term names a type of speech error in which the initial sounds, usually the onset consonants, of two words within an utterance are accidentally exchanged with each other, producing a comically altered result that is often distinct from, and sometimes homophonous or nearly homophonous with, other unintended real words, even though the speaker clearly intended the original, correctly ordered phrase. The term is named after the Reverend William Archibald Spooner, an Oxford clergyman famously, though probably somewhat apocryphally, associated with making frequent errors of exactly this type in his speech, and errors of this kind are studied by psycholinguists as valuable evidence about how speech is planned and assembled before articulation, since the fact that entire onset consonants can be exchanged between two separate words, while the rest of each word's structure remains correctly in place, suggests that speakers plan sequences of sounds according to some abstract linguistic structure, such as syllable position, rather than producing speech as a simple, structureless linear string of individual sounds one after another. Errors of this kind are closely related to, but generally distinguished from, simple metathesis, since that related process typically involves the reordering of sounds within a single word rather than an exchange of sounds between two distinct words.","Saying 'a lack of pies' instead of the intended 'a pack of lies' is a classic example of this kind of error, exchanging the initial consonants of the two words."
86,spreading (feature spreading),"This process, formally modeled within non-linear, autosegmental frameworks, occurs when a single property that is specified on one segment extends its influence and becomes associated with one or more additional neighboring segments as well, effectively causing that property to be shared across a wider stretch of the string than it was originally specified for, without the extending property necessarily being deleted or altered on its original host segment. This process is the mechanism most commonly used to formally represent vowel harmony, in which a property like backness or rounding specified on one vowel extends across intervening consonants to influence other vowels within the same word, as well as nasal harmony, in which the lowered-velum nasal property of a nasal consonant extends onto an adjacent vowel, producing a nasalized vowel, and certain types of assimilation more generally, in which a property belonging to one segment comes to be shared by a neighboring segment. In autosegmental representations, this process is depicted by adding a new association line connecting the extending property's original tier position to an additional segment on another tier, visually showing the property now linked to multiple segments simultaneously rather than existing as an isolated, independently specified property on each one.","In vowel harmony, a backness value specified on one vowel can extend across the word this way, causing all vowels in that word to share the same backness value."
87,palatalization (palatalized),"This process occurs when a consonant acquires an additional secondary articulation involving the raising of the front of the tongue toward the hard palate, or in a stronger form actually shifts its primary place of articulation further back toward the palatal or post-alveolar region, and it is typically triggered by the influence of an adjacent high front vowel or a palatal glide, whose own tongue-body position is anticipated or carried over onto the neighboring consonant. A consonant that has undergone this process is described with a related passive adjective, and it is one of the most common and productive assimilatory processes documented across the world's languages, occurring both as a synchronic, rule-governed alternation still active in many languages today and as a pervasive mechanism of historical sound change responsible for the origin of many modern consonant systems, including the historical development of several post-alveolar affricates and fricatives from earlier plain stops positioned before front vowels. This process can be understood formally as an instance of feature spreading, in which the front, palatal quality associated with a neighboring vowel or glide extends onto the consonant, and the degree of this influence can range from a subtle secondary coloring to a complete, categorical shift in the consonant's primary place of articulation.",The historical version of this process affecting Latin /k/ before front vowels helped give rise to the palato-alveolar and palatal consonants found in many of its Romance language descendants.
88,"stress (function, primary, secondary, placement)","This term names the relative prominence given to a particular syllable within a word or phrase compared to its neighboring syllables, typically realized through some combination of greater loudness, longer duration, and higher or more dynamically moving pitch, and every content word in a language that uses this property has at least one syllable designated as bearing the highest degree of it, while some longer words additionally carry one or more syllables with a lesser but still noticeably elevated degree of it compared to fully unaffected syllables. This property serves several distinct linguistic functions across different languages, including a purely lexical function, in which its position is simply a fixed, memorized property of each individual word with no independent meaning of its own, and a contrastive or grammatical function, in which shifting its position within an otherwise identical string of segments can distinguish one word or grammatical category from another. The rules or principles that determine which syllable within a word receives the highest degree of it vary considerably across languages, ranging from systems with a simple fixed rule, such as consistently marking the first or last syllable of every word, to considerably more complex systems that are sensitive to syllable weight, word length, or morphological structure, calculated using the metrical foot-based apparatus of the relevant theory.","In the noun 'record' [ˈrɛkərd], the most prominent syllable is the first, while in the verb 'record' [rɪˈkɔrd], prominence shifts to the second syllable, illustrating a grammatically contrastive function of this property."
89,"superscript (subscript, diacritic)","A mark of this general type is a small addition to a base phonetic symbol used to indicate some additional articulatory or phonetic detail that the base symbol alone does not capture, such as aspiration, nasalization, length, or a particular secondary articulation, allowing the International Phonetic Alphabet to represent much finer phonetic distinctions than could be captured using its core inventory of base symbols alone. One position for such an addition is raised and typically placed to the upper right of the base symbol, a common example being the small raised h used to mark aspiration following a stop consonant, while the other position is placed below the base symbol, a common example being the small ring placed underneath a symbol to indicate that a normally voiced sound is realized as voiceless in that particular instance. Because additions of this kind are added onto an existing base symbol rather than requiring an entirely new symbol for every possible fine phonetic nuance, they allow the IPA transcription system to remain compact and systematic while still being flexible enough to capture a very wide range of subtle phonetic detail relevant to careful, narrow phonetic transcription.","The raised h in [pʰ] marks aspiration using the upper-right position, while the small ring underneath in [n̥] marks voicelessness using the lower position."
90,suppletion,"This term names a morphological phenomenon in which a grammatical form that would ordinarily be expected to be built regularly from a shared root using regular affixation or regular alternation rules is instead realized using an entirely different, historically unrelated root or stem, so that the relationship between the two forms cannot be captured by any productive phonological rule at all and must simply be memorized as an irregular, listed exception in the lexicon. Forms related this way typically arise historically when two originally separate words or roots, each with its own distinct meaning or grammatical function, gradually merge together into a single synchronic paradigm over the course of language change, with speakers of later generations reanalyzing what were once two unrelated lexical items as different inflected forms of one single, irregular lexeme. This phenomenon is theoretically important because it represents the most extreme endpoint on a broader continuum of morphophonological irregularity, standing in sharp contrast to fully regular, productive alternations that can be generated by general phonological rules, and it demonstrates that not every relationship between related word forms in a language can or should be explained through a phonological derivation from a single shared underlying form.","The past tense of 'go' is realized as the entirely unrelated form 'went', historically derived from a different root rather than from any regular phonological process applied to 'go'."
91,syllabic (syllabicity),"This term describes a segment that functions as the nucleus of a syllable, bearing that syllable's peak of sonority and serving as the obligatory core around which the rest of the syllable's structure is organized, and while vowels have this property by default and near-universally across languages, certain sonorant consonants, particularly liquids and nasals, can also take it on in specific languages or specific phonetic environments, most typically when they occur adjacent to another consonant with no vowel available to serve as the nucleus instead. The more abstract property itself is sometimes treated as an independent distinctive feature in its own right within certain feature systems, allowing a formal, featural distinction to be drawn between, for example, a nasal that has taken on this property, functioning as its own syllable's nucleus, and one that has not, occurring instead in the onset or coda of a syllable whose nucleus is filled by an ordinary vowel. In transcription, a consonant marked with this property is typically shown with a small vertical line placed underneath the consonant symbol, explicitly indicating its nucleus-bearing status and distinguishing it visually from an otherwise identical consonant elsewhere in the syllable that lacks this property.","The final /n/ in a casual pronunciation of 'button' [ˈbʌʔn̩] can take on this nucleus-bearing property, functioning as the nucleus of the second syllable in the absence of a vowel."
92,synchrony vs. diachrony,"One member of this pair of perspectives refers to the study of a language system exactly as it exists at one particular point in time, analyzing the internal relationships, rules, and structure of that system on its own terms without any reference to how it came to be that way historically, treating the language as a coherent, self-contained object of description in its current state. The other member refers to the study of how a language changes and develops across successive stages over historical time, tracing the specific historical processes, such as individual sound changes, that transform an earlier stage of a language into a later one, or that lead to the divergence of related languages from a shared common ancestor. This foundational distinction, most closely associated with the linguist Ferdinand de Saussure, established two clearly separate but complementary perspectives from which language can be legitimately studied, and it remains a basic organizing principle throughout modern linguistics, since a pattern that appears arbitrary, irregular, or otherwise puzzling from the first, single-moment perspective frequently turns out to have a fully coherent and principled explanation once its historical development, viewed from the second perspective, is properly taken into account.","A description of the current voicing and epenthesis rules for English plurals takes the single-moment perspective, while an account of how those patterns historically developed takes the historical-development perspective."
93,unreleased (stop); unexploded,"A stop consonant described with either of these two labels is one in which the complete oral closure characteristic of stops is formed as expected, but the subsequent release of that closure, and the resulting audible burst of air that normally accompanies a fully released stop, either does not occur at all or is greatly weakened and largely inaudible, so that the primary auditory cue for the listener becomes the closure and its effect on neighboring sounds rather than any release burst itself. Stops fitting this description are especially common in word-final or utterance-final position in many languages, including English, where a stop at the very end of an utterance is frequently produced without its normal audible release, and this also commonly occurs when a stop is immediately followed by another stop or certain other consonants, since the articulators can move directly from the closure of the first stop into the closure of the second without an intervening release burst for the first. Because the release burst is one of the more salient acoustic cues phoneticians rely on for identifying and classifying stop consonants, stops fitting this description can sometimes be more difficult to identify from the acoustic signal alone, requiring greater reliance on other cues such as formant transitions in the preceding vowel.","The final /t/ in an utterance like 'That's that.' often fits this description, with the closure formed but no audible release burst at the very end."
94,"velar (velum, velarization)","The soft palate, a movable, muscular flap of tissue located at the back of the roof of the mouth, positioned behind the harder, bony palate further forward, functions as a valve controlling whether airflow is directed exclusively through the oral cavity, when it is raised to seal off the nasal passage, or is allowed to pass through the nasal cavity as well, when it is lowered, making its position the primary anatomical basis for the entire oral versus nasal distinction in speech sounds. A place of articulation named after this structure describes consonants in which the back of the tongue is raised to make contact with or approach it, and consonants made here are found in the majority of the world's languages, typically including at least a voiceless and voiced stop pair produced at this location. A related secondary articulation, also named after this same structure, refers to a raising of the back of the tongue toward it simultaneously with some other primary articulation occurring elsewhere in the vocal tract, the clearest and most familiar example being the dark allophone of the lateral /l/ found in coda position in many varieties of English.","/k/ and /g/, as in 'cat' and 'go', are produced with the back of the tongue raised toward this same soft-palate structure."
95,vocal tract,"This term names the entire air passage extending from the vocal folds within the larynx all the way up through the pharynx and into either the oral cavity or the nasal cavity, encompassing every anatomical structure, including the tongue, lips, teeth, palate, and velum, that can be actively manipulated to shape and modify the raw sound generated at the vocal folds into the full range of distinct speech sounds found across human languages. This passage functions acoustically much like a variable-shape resonating tube or filter, and different configurations of the tongue, lips, and jaw change its overall shape and length, which in turn changes its resonant frequencies, called formants, producing the wide variety of different vowel and consonant qualities that listeners perceive as distinct speech sounds. Articulatory phonetics is largely devoted to precisely describing the various possible configurations of this passage used to produce the different sounds of human language, typically dividing it conceptually into the oral cavity, the nasal cavity, and the pharyngeal cavity, and describing consonants and vowels in terms of exactly where and how it is constricted or shaped during their articulation.",Changing the shape of this passage by moving the tongue from a high front position to a low back position shifts the vowel produced from something like /i/ toward something like /ɑ/.
96,"voiced (voiceless, voicing, vocal cords = vocal folds)","This property depends on whether the vocal folds, also commonly called the vocal cords, are vibrating during the production of a given sound, with one value of the property involving rapid, periodic vibration of the vocal folds as air passes through the glottis, and the opposite value involving vocal folds that are held apart, allowing air to pass through relatively freely without this characteristic vibration occurring at all. This is one of the most fundamental and cross-linguistically widespread distinctive properties used to organize consonant inventories, with many languages, including English, contrasting pairs of consonants that are identical in place and manner of articulation but differ only in whether they are produced with or without vocal fold vibration, and this same laryngeal distinction also underlies certain other phonation types, such as breathy or creaky voice, that some languages exploit contrastively as well. The two alternative names for the vibrating structure itself refer to the identical anatomical tissue within the larynx, with one term now generally preferred in more technical phonetic and phonological writing because it more accurately reflects the fold-like tissue structure involved, though the other term remains extremely common in everyday, non-technical usage.","/b/ and /p/ are identical in place and manner, bilabial stops, differing only in this property: /b/ involves vocal fold vibration, while /p/ does not."
97,voice onset time (VOT),"This acoustic measurement, commonly abbreviated with three letters, is a precise measurement of the time interval, usually measured in milliseconds, between the moment a stop consonant's oral closure is released and the moment voicing, meaning regular vocal fold vibration, actually begins for the following vowel or sonorant sound, and it serves as one of the primary quantitative acoustic cues phoneticians use to distinguish and classify stop consonants along the voicing and aspiration dimensions. A negative value on this measurement indicates that voicing actually begins before the release of the stop closure, a pattern called prevoicing that is characteristic of certain fully voiced stops in many languages, a value close to zero indicates that voicing begins essentially at the same moment as the release, typically characteristic of plain, unaspirated voiceless stops, and a longer, clearly positive value indicates a substantial voiceless interval following the release before voicing begins, characteristic of aspirated stops. Because this measurement can be taken with considerable precision from acoustic waveforms and spectrograms, it has become an extremely important experimental tool in phonetics for comparing voicing and aspiration contrasts both within a single language and across different languages, revealing that languages can differ systematically in exactly where along this continuum they draw their categorical voicing boundaries.","Aspirated [pʰ] has a long positive value of perhaps 60 milliseconds or more on this measurement, while unaspirated [p] has a value close to zero, with voicing beginning almost immediately at release."
98,"vowel (height, backness, reduction)","This term names a speech sound produced with a relatively open vocal tract configuration, without the kind of narrow constriction that would create audible turbulent frication, and sounds of this type are typically described and classified along three main articulatory dimensions: how high or low the tongue body is positioned in the mouth, ranging from a raised position close to the palate down to a much lower position with the jaw more open; how far forward or backward the tongue body is positioned; and whether the lips are rounded during production. A related process refers to the tendency, especially pronounced in stress-timed languages like English, for sounds of this type occurring in unstressed syllables to shift toward a more centralized, less extreme articulatory target, frequently converging toward schwa, compared to the fuller, more peripheral articulation the same underlying sound would receive if it occurred instead in a stressed syllable. The height and backness dimensions together define the conventional chart used throughout phonetics to represent and compare the inventories of such sounds across different languages.","The sound of this type in the stressed first syllable of 'photograph' is relatively full, while the corresponding unstressed sound in related 'photography' shifts toward a reduced, centralized schwa quality."
99,vowel change (Great Vowel Shift),"This term refers broadly to any historical alteration in the pronunciation of vowels within a language over time, encompassing shifts in vowel height, backness, rounding, length, or diphthongization, and alterations of this kind are a pervasive and well-documented feature of virtually every language's history, often occurring as part of larger, systematically interconnected chains of related shifts rather than as isolated, independent changes affecting just one single vowel in complete isolation from all the others. The most famous specific example of such a systematic, interconnected historical alteration is a series of related shifts in the pronunciation of the long vowels of English that took place gradually over several centuries, roughly between the late medieval and early modern periods, during which the long vowels of the language were raised, and the vowels that were already highest were pushed to become diphthongs, so that a long vowel pronounced one way in Middle English came to be pronounced in a systematically different way in later Modern English. Because English spelling conventions were largely established prior to the completion of this famous historical shift, it is frequently cited as one of the major historical reasons for the often puzzling mismatch between modern English spelling and modern English pronunciation.","The Middle English long vowel in a word like 'name', once pronounced roughly like modern 'nahm', shifted through this famous historical process toward its modern pronunciation with a diphthong, [neɪm]."
